<?xml version="1.0" encoding="UTF-8"?>
<!--
    This configuration file was written by the eclipse-cs plugin configuration editor
-->
<!--
    Checkstyle-Configuration: MyCheckstyle
    Description: none
-->
<!DOCTYPE module PUBLIC "-//Puppy Crawl//DTD Check Configuration 1.2//EN" "http://www.puppycrawl.com/dtds/configuration_1_2.dtd">
<module name="Checker">
    <property name="severity" value="warning"/>
    <module name="TreeWalker">
        <property name="tabWidth" value="4"/>
        <module name="ConstantName"/>
        <module name="LocalFinalVariableName"/>
        <module name="LocalVariableName"/>
        <module name="MemberName"/>
        <module name="MethodName"/>
        <module name="PackageName"/>
        <module name="ParameterName"/>
        <module name="StaticVariableName"/>
        <module name="TypeName"/>
        <module name="AvoidStarImport"/>
        <module name="IllegalImport"/>
        <module name="RedundantImport"/>
        <module name="UnusedImports"/>
        <module name="EmptyForIteratorPad"/>
        <module name="MethodParamPad"/>
        <module name="NoWhitespaceAfter">
            <property name="tokens" value="BNOT,DEC,DOT,INC,LNOT,UNARY_MINUS,UNARY_PLUS"/>
        </module>
        <module name="NoWhitespaceBefore"/>
        <module name="OperatorWrap">
            <property name="tokens" value="BAND,BOR,BSR,BXOR,COLON,DIV,EQUAL,GE,GT,LAND,LE,LITERAL_INSTANCEOF,LOR,LT,MINUS,MOD,NOT_EQUAL,SL,SR,STAR"/>
        </module>
        <module name="ParenPad"/>
        <module name="TabCharacter"/>
        <module name="WhitespaceAfter"/>
        <module name="WhitespaceAround">
            <property name="tokens" value="ASSIGN,BAND,BAND_ASSIGN,BOR,BOR_ASSIGN,BSR,BSR_ASSIGN,BXOR,BXOR_ASSIGN,DIV_ASSIGN,EQUAL,GE,GT,LAND,LE,LITERAL_ASSERT,LITERAL_CATCH,LITERAL_DO,LITERAL_ELSE,LITERAL_FINALLY,LITERAL_FOR,LITERAL_IF,LITERAL_RETURN,LITERAL_SYNCHRONIZED,LITERAL_TRY,LITERAL_WHILE,LOR,LT,MINUS,MINUS_ASSIGN,MOD,MOD_ASSIGN,NOT_EQUAL,PLUS_ASSIGN,SL,SLIST,SL_ASSIGN,SR,SR_ASSIGN,STAR,STAR_ASSIGN,LITERAL_ASSERT,TYPE_EXTENSION_AND,WILDCARD_TYPE"/>
        </module>
        <module name="ModifierOrder"/>
        <module name="RedundantModifier"/>
        <module name="LeftCurly">
            <property name="tokens" value="CTOR_DEF,INTERFACE_DEF,LITERAL_CATCH,LITERAL_DO,LITERAL_ELSE,LITERAL_FINALLY,LITERAL_FOR,LITERAL_IF,LITERAL_SWITCH,LITERAL_SYNCHRONIZED,LITERAL_TRY,LITERAL_WHILE,METHOD_DEF"/>
        </module>
        <module name="NeedBraces"/>
        <module name="RightCurly"/>
        <module name="DoubleCheckedLocking"/>
        <module name="EmptyStatement"/>
        <module name="EqualsHashCode"/>
        <module name="IllegalInstantiation"/>
        <module name="RedundantThrows">
            <property name="allowUnchecked" value="true"/>
            <property name="allowSubclasses" value="true"/>
            <property name="logLoadErrors" value="true"/>
            <property name="suppressLoadErrors" value="true"/>
        </module>
        <module name="SimplifyBooleanExpression"/>
        <module name="SimplifyBooleanReturn"/>
        <module name="InterfaceIsType"/>
        <module name="ArrayTypeStyle"/>
        <module name="GenericIllegalRegexp">
            <property name="severity" value="ignore"/>
            <property name="format" value="\s+$"/>
            <property name="message" value="Line has trailing spaces."/>
        </module>
        <module name="TodoComment">
            <property name="severity" value="ignore"/>
        </module>
        <module name="UpperEll"/>
        <module name="JavadocType"/>
        <module name="EmptyForInitializerPad"/>
        <module name="CovariantEquals"/>
        <module name="DefaultComesLast"/>
        <module name="DeclarationOrder"/>
        <module name="ExplicitInitialization"/>
        <module name="FallThrough"/>
        <module name="IllegalThrows"/>
        <module name="SuperClone"/>
        <module name="UnnecessaryParentheses"/>
        <module name="TrailingComment"/>
    </module>
    <module name="NewlineAtEndOfFile">
        <property name="severity" value="ignore"/>
    </module>
    <module name="Translation"/>
    <module name="PackageHtml">
        <property name="severity" value="ignore"/>
    </module>
</module>
